Business Name;Email
Poke Garden;chenrongjin1@gmail.com
Orinoco;info@orinocokitchen.com
Martin’s Coffee Shop;info@martinscoffeeshop.com
Ōmori Izakaya;INFO@OMORITOWN.COM
Ma hani yom;info@mahaniyomboston.com
Prairie Fire;contact@prairiefirebrookline.com
Lamei Hot Pot; lameihotpot@gmail.com
Rainbow Sushi & Asian Cousine;rainbowbrookline@gmail.com
Temptations Cafe;nassib.Lufti@gmail.com
Six Po Hot Pot;lily@sixpousa.com
Dumpling Daughter;amanda@dumplingdaughter.com
Amigos Burritos;dannyu@amigosburritos.com
Jin’s;jinsbrookline@gmail.com
Ganko Ittetsu Ramen;info@gankoramen.com
The Abbey;damian@abbeyrestaurant.com
Stoked Pizza;merry@stokedpizzaco.com
The Public House;publickhousebelgium@gmail.com
La Voile;lavoilebrookline@gmail.com
Is Original;isdeeoriginal@gmail.com
Athans Bakery;aris@athansbakery.com
Hong Kong Cafe II;info@chinesemenuonline.com